variable,variable_description,category
APOE,"Apolipoprotein E genotype","Genetic"
SexChromosomes,"Genetically sequenced X and/or Y chromosomes","Genetic"
rs11610045,"Single nucleotide polymorphism (SNP) located on or near gene FBRSL1","Genetic"
rs4698412,"Single nucleotide polymorphism (SNP) located on or near gene BST1","Genetic"
rs823118,"Single nucleotide polymorphism (SNP) located on or near gene NUCKS1","Genetic"
rs11658976,"Single nucleotide polymorphism (SNP) located on or near gene WNT3","Genetic"
rs356182,"Single nucleotide polymorphism (SNP) located on or near gene SNCA","Genetic"
rs2280104,"Single nucleotide polymorphism (SNP) located on or near gene BIN3","Genetic"
rs12456492,"Single nucleotide polymorphism (SNP) located on or near gene RIT2","Genetic"
rs11158026,"Single nucleotide polymorphism (SNP) located on or near gene GCH1","Genetic"
rs9261484,"Single nucleotide polymorphism (SNP) located on or near gene TRIM40","Genetic"
rs10513789,"Single nucleotide polymorphism (SNP) located on or near gene MCCC1","Genetic"
rs76904798,"Single nucleotide polymorphism (SNP) located on or near gene LRRK2","Genetic"
rs10797576,"Single nucleotide polymorphism (SNP) located on or near gene SIPA1L2","Genetic"
rs2230288,"Single nucleotide polymorphism (SNP) located on or near gene GBA","Genetic"
rs34637584,"Single nucleotide polymorphism (SNP) located on or near gene LRRK2","Genetic"
rs80356773,"Single nucleotide polymorphism (SNP) located on or near gene GBA","Genetic"
rs34424986,"Single nucleotide polymorphism (SNP) located on or near gene PARK2","Genetic"
i4000415,"Single nucleotide polymorphism (SNP) located on or near gene GBA.  Also known as rs76763715.","Genetic"
platform_version,"Platform version","Genetic"
